shapeid,OBJECTID_1,OBJECTID,PWD,NAME,COMBO,DIST,ShapeSTAre,ShapeSTLen
0,1,0,NULL,NULL,NULL,1,272187854.4,149217.1589
1,2,0,NULL,NULL,NULL,2,543121342.1,115152.7508
2,3,0,NULL,NULL,NULL,3,142364937,62726.57246
3,4,0,NULL,NULL,NULL,4,150936098.2,65001.8608
4,5,0,NULL,NULL,NULL,5,198951445.2,105728.7929
5,6,0,NULL,NULL,NULL,6,130910982.8,76013.81322